{"bertscore": {"precision": 0.9787784925213566, "recall": 0.9813191912792347, "f1": 0.9800455835130479}, "valid": 100.0, "correct": 95.37}