{"bertscore": {"precision": 0.8201783144915545, "recall": 0.8252793153127035, "f1": 0.8226831908579226}, "valid": 0.0, "correct": 0.0}